{"cameraMode":{"drawMode":0,"name":"Shaded","section":"Shading Mode"},"sceneLighting":true,"audioPlay":false,"sceneViewState":{"m_AlwaysRefresh":false,"showFog":true,"showSkybox":false,"showFlares":true,"showImageEffects":true,"showParticleSystems":true,"showVisualEffectGraphs":true,"m_FxEnabled":true},"in2DMode":false,"pivot":{"x":-13.480238914489746,"y":20.977375030517579,"z":-11.910274505615235},"rotation":{"x":-0.13033176958560944,"y":-0.016316242516040803,"z":-0.008115453645586968,"w":-0.9921337366104126},"size":0.8660253882408142,"orthographic":false}