{"cameraMode":{"drawMode":0,"name":"Shaded","section":"Shading Mode"},"sceneLighting":false,"audioPlay":false,"sceneViewState":{"m_AlwaysRefresh":false,"showFog":true,"showSkybox":false,"showFlares":true,"showImageEffects":true,"showParticleSystems":true,"showVisualEffectGraphs":true,"m_FxEnabled":true},"in2DMode":false,"pivot":{"x":-3.2696805000305177,"y":1.2821495532989503,"z":20.02214241027832},"rotation":{"x":-0.004558639135211706,"y":-0.6928923726081848,"z":-0.0004711611836683005,"w":-0.7218121886253357},"size":1.2247449159622193,"orthographic":false}