{"cameraMode":{"drawMode":0,"name":"Shaded","section":"Shading Mode"},"sceneLighting":false,"audioPlay":false,"sceneViewState":{"m_AlwaysRefresh":false,"showFog":true,"showSkybox":false,"showFlares":true,"showImageEffects":true,"showParticleSystems":true,"showVisualEffectGraphs":true,"m_FxEnabled":true},"in2DMode":false,"pivot":{"x":0.41570138931274416,"y":1.248020887374878,"z":13.286779403686524},"rotation":{"x":0.06237877532839775,"y":-0.6977384686470032,"z":0.06173504516482353,"w":0.7111262083053589},"size":1.2247449159622193,"orthographic":false}