{"cameraMode":{"drawMode":0,"name":"Shaded","section":"Shading Mode"},"sceneLighting":false,"audioPlay":false,"sceneViewState":{"m_AlwaysRefresh":false,"showFog":true,"showSkybox":false,"showFlares":true,"showImageEffects":true,"showParticleSystems":true,"showVisualEffectGraphs":true,"m_FxEnabled":true},"in2DMode":false,"pivot":{"x":-0.8473213911056519,"y":1.7348836660385132,"z":-6.753686428070068},"rotation":{"x":-0.29465946555137637,"y":0.32331910729408266,"z":-0.10710066556930542,"w":-0.8929591178894043},"size":0.8660253882408142,"orthographic":false}