{"cameraMode":{"drawMode":0,"name":"Shaded","section":"Shading Mode"},"sceneLighting":false,"audioPlay":false,"sceneViewState":{"m_AlwaysRefresh":false,"showFog":true,"showSkybox":false,"showFlares":true,"showImageEffects":true,"showParticleSystems":true,"showVisualEffectGraphs":true,"m_FxEnabled":true},"in2DMode":false,"pivot":{"x":346.38116455078127,"y":176.5928497314453,"z":485.67108154296877},"rotation":{"x":-0.09314263612031937,"y":-0.03233060985803604,"z":-0.006073216442018747,"w":-0.9959453344345093},"size":462.97003173828127,"orthographic":false}